{
  "BossStatus": "FullBoss",
  "Compatibility": "Compatible",
  "Contributors": { "Manual graphics": [ "JG" ] },
  "DefuserDifficulty": "Medium",
  "Description": "Determine a list of numbers throughout the bomb, while disliking numbers within. TAGS: Needy-Background, Two-Displays, 10-Buttons, Hexagons",
  "ExpertDifficulty": "Medium",
  "Ignore": [
    "\"+SolvesAtEnd\"",
    ""
  ],
  "ModuleID": "top10nums",
  "MysteryModule": "MustNotBeHiddenOrKey",
  "Name": "Top 10 Numbers",
  "Origin": "Mods",
  "Published": "2022-06-21",
  "Quirks": "SolvesAtEnd",
  "SortKey": "TOP10NUMBERS",
  "SourceUrl": "https://github.com/Cooldoom5/Top-10-Numbers",
  "SteamID": "2824235274",
  "Symbol": "T10",
  "Type": "Regular"
}